ANTONIO;603004
MANUEL;534398
JOSE;501731
FRANCISCO;436217
DAVID;372358
JAVIER;309583
DANIEL;308465
JUAN;305208
JOSE ANTONIO;295837
FRANCISCO JAVIER;283058
JOSE LUIS;276378
CARLOS;274455
ALEJANDRO;271524
JESUS;259586
JOSE MANUEL;235031
MIGUEL;232976
MIGUEL ANGEL;228106
PABLO;226686
RAFAEL;219901
SERGIO;210573
ANGEL;205241
PEDRO;203192
JORGE;194287
FERNANDO;193571
JOSE MARIA;191074
ALBERTO;177884
LUIS;176464
ALVARO;169649
ADRIAN;163499
JUAN CARLOS;161572
DIEGO;157116
JUAN JOSE;149080
RAUL;141923
IVAN;138651
RUBEN;130901
JUAN ANTONIO;127637
OSCAR;123661
ENRIQUE;119903
JUAN MANUEL;111408
MARIO;111259
SANTIAGO;110035
ANDRES;110014
RAMON;108559
VICTOR;106501
VICENTE;103681
JOAQUIN;102251
EDUARDO;102022
HUGO;99356
MARCOS;98600
ROBERTO;97103
JAIME;95220
FRANCISCO JOSE;94728
IGNACIO;88605
JORDI;81838
MOHAMED;80125
ALFONSO;78497
RICARDO;77407
MARTIN;76898
MARC;75147
SALVADOR;73895
GABRIEL;73655
GUILLERMO;73583
GONZALO;71457
EMILIO;65126
JOSE MIGUEL;64358
NICOLAS;64180
LUCAS;63516
JULIO;61305
JULIAN;60400
TOMAS;60387
SAMUEL;60361
AGUSTIN;57097
ISMAEL;56693
CRISTIAN;56081
JOSE RAMON;55742
JOAN;53392
AITOR;53229
HECTOR;52196
ALEX;51625
MATEO;51350
FELIX;49709
IKER;49641
JUAN FRANCISCO;46264
JOSE CARLOS;44801
SEBASTIAN;43842
RODRIGO;43262
CESAR;42760
JOSEP;41104
JOSE ANGEL;40690
ALFREDO;40405
VICTOR MANUEL;40237
MARIANO;39313
JOSE IGNACIO;38708
DOMINGO;38106
FELIPE;38071
LUIS MIGUEL;37510
PAU;34819
MOHAMMED;34609
IZAN;34171
XAVIER;33941
